id,step_name,ui_version,original_by,original_value,healed_by,healed_value,attr_score,sem_score,struct_score,visual_score,ctx_score,total_score,healing_success,action,healed_at
1,email_field,v2,css selector,[data-testid="login-email"],xpath,//input[@placeholder='name@example.com'],0.7467,1,0.8479,0.7524,0.365,0.763527,1,AUTO_FIX,5/30/2026 10:11
2,password_field,v2,css selector,[data-testid="login-password"],xpath,//input[@placeholder='••••••••'],0.93,1,0.88,0.7396,0.365,0.817902,1,AUTO_FIX,5/30/2026 10:11
3,login_button,v2,css selector,[data-testid="btn-login"],id,btn-login,0.93,0.6359,1,0.7298,0.365,0.753342,1,AUTO_FIX,5/30/2026 10:11
4,search_input,v2,css selector,[data-testid="search-input"],xpath,//input[@placeholder='Gő tęn hŕng hoá c?n těm...'],0.55,1,0.7286,0.7545,0.615,0.72931,1,AUTO_FIX,5/30/2026 10:11
5,filter_iphone_button,v2,css selector,[data-testid="btn-filter-iphone"],xpath,//button[normalize-space(text())='Apple iPhone'],0.93,0.8733,0.88,0.7441,0.365,0.788034,1,AUTO_FIX,5/30/2026 10:12
6,filter_ipad_button,v2,css selector,[data-testid="btn-filter-ipad"],xpath,//button[normalize-space(text())='Apple iPad'],0.93,0.8371,0.88,0.7454,0.365,0.779502,1,AUTO_FIX,5/30/2026 10:12
7,filter_macbook_button,v2,css selector,[data-testid="btn-filter-macbook"],xpath,//button[normalize-space(text())='MacBook'],0.93,1,0.88,0.7414,0.365,0.818118,1,AUTO_FIX,5/30/2026 10:13
8,filter_airpods_button,v2,css selector,[data-testid="btn-filter-airpods"],xpath,//button[normalize-space(text())='AirPods'],0.93,1,0.88,0.7459,0.365,0.818658,1,AUTO_FIX,5/30/2026 10:13
9,filter_T?t c?_button,v2,css selector,[data-testid="btn-filter-all"],xpath,//button[normalize-space(text())='T?t c? danh m?c'],0.93,0.8371,0.88,0.7229,0.615,0.819302,1,AUTO_FIX,5/30/2026 10:14
10,email_field,v3,css selector,[data-testid="login-email"],xpath,//input[@data-testid='v3-login-email'],0.9916,1,0.815,0.7556,0.615,0.865954,1,AUTO_FIX,5/30/2026 10:14
11,password_field,v3,css selector,[data-testid="login-password"],xpath,//input[@data-testid='v3-login-password'],0.9932,1,0.815,0.7454,0.615,0.865162,1,AUTO_FIX,5/30/2026 10:14
12,login_button,v3,css selector,[data-testid="btn-login"],xpath,//button[@data-testid='v3-btn-login'],0.99,1,0.62,0.7343,0.615,0.823966,1,AUTO_FIX,5/30/2026 10:14
13,search_input,v3,css selector,[data-testid="search-input"],xpath,//input[@data-testid='v3-prod-search'],0.6723,1,0.6986,0.7545,0.615,0.756331,1,AUTO_FIX,5/30/2026 10:14
14,filter_iphone_button,v3,css selector,[data-testid="btn-filter-iphone"],xpath,//button[@data-testid='v3-prod-filter-iphone'],0.9816,1,0.7249,0.7471,0.615,0.844214,1,AUTO_FIX,5/30/2026 10:15
15,filter_ipad_button,v3,css selector,[data-testid="btn-filter-ipad"],xpath,//button[@data-testid='v3-prod-filter-ipad'],0.9794,1,0.7167,0.7457,0.615,0.841812,1,AUTO_FIX,5/30/2026 10:15
16,filter_macbook_button,v3,css selector,[data-testid="btn-filter-macbook"],xpath,//button[@data-testid='v3-prod-filter-macbook'],0.9825,1,0.6999,0.7443,0.615,0.839121,1,AUTO_FIX,5/30/2026 10:16
17,filter_airpods_button,v3,css selector,[data-testid="btn-filter-airpods"],xpath,//button[@data-testid='v3-prod-filter-airpods'],0.9825,1,0.6874,0.742,0.615,0.836345,1,AUTO_FIX,5/30/2026 10:16
18,filter_T?t c?_button,v3,css selector,[data-testid="btn-filter-all"],xpath,//button[@data-testid='v3-prod-filter-all'],0.9781,1,0.7417,0.7481,0.615,0.846749,1,AUTO_FIX,5/30/2026 10:17
19,email_field,v4,css selector,[data-testid="login-email"],xpath,//input[@data-testid='v4-login-email'],0.796,1,0.8449,0.668,0.365,0.76611,1,AUTO_FIX,5/30/2026 10:17
20,password_field,v4,css selector,[data-testid="login-password"],xpath,//input[@data-testid='v4-login-password'],0.8282,1,0.8584,0.6488,0.365,0.7752,1,AUTO_FIX,5/30/2026 10:17
21,login_button,v4,css selector,[data-testid="btn-login"],xpath,//button[@data-testid='v4-btn-login'],0.902,1,0.9606,0.6102,0.365,0.810934,1,AUTO_FIX,5/30/2026 10:17
22,search_input,v4,css selector,[data-testid="search-input"],xpath,//input[@data-testid='v4-search-input'],0.5189,1,0.641,0.6328,0.365,0.646289,1,SUGGEST,5/30/2026 10:17
23,filter_iphone_button,v4,css selector,[data-testid="btn-filter-iphone"],xpath,//button[@data-testid='v4-btn-filter-iphone'],0.7743,1,0.7721,0.6579,0.365,0.744479,1,AUTO_FIX,5/30/2026 10:18
24,filter_ipad_button,v4,css selector,[data-testid="btn-filter-ipad"],xpath,//button[@data-testid='v4-btn-filter-ipad'],0.7736,1,0.7596,0.6876,0.365,0.745354,1,AUTO_FIX,5/30/2026 10:18
25,filter_macbook_button,v4,css selector,[data-testid="btn-filter-macbook"],xpath,//button[@data-testid='v4-btn-filter-macbook'],0.7746,1,0.7596,0.5401,0.365,0.727924,1,AUTO_FIX,5/30/2026 10:19
26,filter_airpods_button,v4,css selector,[data-testid="btn-filter-airpods"],xpath,//button[@data-testid='v4-btn-filter-airpods'],0.7746,1,0.7721,0.5401,0.365,0.730424,1,AUTO_FIX,5/30/2026 10:19
27,filter_T?t c?_button,v4,css selector,[data-testid="btn-filter-all"],xpath,//button[@data-testid='v4-btn-filter-all'],0.7732,1,0.7891,0.6236,0.615,0.785966,1,AUTO_FIX,5/30/2026 10:20
28,email_field,v5,css selector,[data-testid="login-email"],xpath,//input[@placeholder='name@example.com'],0.93,1,0.83,0.6329,0.365,0.795098,1,AUTO_FIX,5/30/2026 10:20
29,password_field,v5,css selector,[data-testid="login-password"],xpath,//input[@placeholder='••••••••'],0.93,1,0.83,0.5889,0.365,0.789818,1,AUTO_FIX,5/30/2026 10:20
30,login_button,v5,css selector,[data-testid="btn-login"],id,btn-login,0.93,1,0.9625,0.5788,0.365,0.815106,1,AUTO_FIX,5/30/2026 10:20
31,search_input,v5,css selector,[data-testid="search-input"],xpath,//input[@placeholder='Těm ki?m s?n ph?m (Vi?t dúng chính t?...)'],0.64,1,0.7286,0.673,0.615,0.74383,1,AUTO_FIX,5/30/2026 10:20
32,filter_iphone_button,v5,css selector,[data-testid="btn-filter-iphone"],xpath,//button[normalize-space(text())='IPHONE'],0.93,1,0.88,0.6656,0.365,0.809022,1,AUTO_FIX,5/30/2026 10:21
33,filter_ipad_button,v5,css selector,[data-testid="btn-filter-ipad"],xpath,//button[normalize-space(text())='IPAD'],0.93,1,0.88,0.6652,0.365,0.808974,1,AUTO_FIX,5/30/2026 10:21
34,filter_macbook_button,v5,css selector,[data-testid="btn-filter-macbook"],xpath,//button[normalize-space(text())='MACBOOK'],0.93,1,0.88,0.6645,0.365,0.80889,1,AUTO_FIX,5/30/2026 10:22
35,filter_airpods_button,v5,css selector,[data-testid="btn-filter-airpods"],xpath,//button[normalize-space(text())='AIRPODS'],0.93,1,0.88,0.6638,0.365,0.808806,1,AUTO_FIX,5/30/2026 10:23
36,filter_T?t c?_button,v5,css selector,[data-testid="btn-filter-all"],xpath,//button[normalize-space(text())='T?T C?'],0.93,1,0.88,0.6662,0.615,0.851594,1,AUTO_FIX,5/30/2026 10:23
37,email_field,v6,css selector,[data-testid="login-email"],xpath,//input[@data-testid='v6-login-email'],0.2708,1,0.7882,0.7524,0.365,0.623094,1,SUGGEST,5/30/2026 10:23
38,password_field,v6,css selector,[data-testid="login-password"],xpath,//input[@data-testid='v6-login-password'],0.3832,1,0.7612,0.7396,0.365,0.646506,1,SUGGEST,5/30/2026 10:23
39,login_button,v6,css selector,[data-testid="btn-login"],xpath,//button[@data-testid='v6-btn-login'],0.6925,0.6891,0.931,0.7298,0.365,0.688185,1,SUGGEST,5/30/2026 10:23
40,search_input,v6,css selector,[data-testid="search-input"],xpath,//input[@data-testid='v6-prod-search'],0.3523,1,0.6832,0.7545,0.615,0.666851,1,SUGGEST,5/30/2026 10:23
41,filter_iphone_button,v6,css selector,[data-testid="btn-filter-iphone"],xpath,//button[@data-testid='v6-prod-filter-iphone'],0.9016,1,0.88,0.7471,0.365,0.811134,1,AUTO_FIX,5/30/2026 10:24
42,filter_ipad_button,v6,css selector,[data-testid="btn-filter-ipad"],xpath,//button[@data-testid='v6-prod-filter-ipad'],0.8994,1,0.88,0.7457,0.365,0.810372,1,AUTO_FIX,5/30/2026 10:25
43,filter_macbook_button,v6,css selector,[data-testid="btn-filter-macbook"],xpath,//button[@data-testid='v6-prod-filter-macbook'],0.9025,1,0.88,0.7443,0.365,0.811041,1,AUTO_FIX,5/30/2026 10:25
44,filter_airpods_button,v6,css selector,[data-testid="btn-filter-airpods"],xpath,//button[@data-testid='v6-prod-filter-airpods'],0.9025,1,0.88,0.742,0.365,0.810765,1,AUTO_FIX,5/30/2026 10:26
45,filter_T?t c?_button,v6,css selector,[data-testid="btn-filter-all"],xpath,//button[@data-testid='v6-prod-filter-all'],0.8981,1,0.88,0.7481,0.615,0.852809,1,AUTO_FIX,5/30/2026 10:26
46,email_field,v7,css selector,[data-testid="login-email"],xpath,//input[@placeholder='yourname@domain.com'],0.33,1,0.867,0.6398,0.365,0.641326,1,SUGGEST,5/30/2026 10:26
47,password_field,v7,css selector,[data-testid="login-password"],xpath,//input[@placeholder='Nh?p m?t kh?u c?a b?n'],0.33,1,0.8718,0.7286,0.365,0.652942,1,SUGGEST,5/30/2026 10:26
48,login_button,v7,css selector,[data-testid="btn-login"],id,submit-access,0.42,0.74,0.6949,0.681,0.615,0.61625,1,SUGGEST,5/30/2026 10:26
49,search_input,v7,css selector,[data-testid="search-input"],xpath,//input[@data-testid='product-search'],0.9623,1,0.8757,0.7037,0.615,0.863955,1,AUTO_FIX,5/30/2026 10:27
50,filter_iphone_button,v7,css selector,[data-testid="btn-filter-iphone"],xpath,//button[@data-testid='category-iphone'],0.8271,1,0.8751,0.6845,0.365,0.782527,1,AUTO_FIX,5/30/2026 10:27
51,filter_ipad_button,v7,css selector,[data-testid="btn-filter-ipad"],xpath,//button[@data-testid='category-ipad'],0.8233,1,0.8751,0.6835,0.365,0.781381,1,AUTO_FIX,5/30/2026 10:28
52,filter_macbook_button,v7,css selector,[data-testid="btn-filter-macbook"],xpath,//button[@data-testid='category-macbook'],0.8286,1,0.8751,0.6812,0.365,0.782536,1,AUTO_FIX,5/30/2026 10:28
53,filter_airpods_button,v7,css selector,[data-testid="btn-filter-airpods"],xpath,//button[@data-testid='category-airpods'],0.8286,1,0.8751,0.6775,0.365,0.782092,1,AUTO_FIX,5/30/2026 10:29
54,filter_T?t c?_button,v7,css selector,[data-testid="btn-filter-all"],xpath,//button[@data-testid='category-all'],0.8797,1,0.8751,0.6843,0.615,0.839205,1,AUTO_FIX,5/30/2026 10:29
55,email_field,v8,css selector,[data-testid="login-email"],xpath,//input[@data-testid='login-email_v8'],0.4916,0.87,0.7849,0.7488,0.365,0.650418,1,SUGGEST,5/30/2026 10:30
56,password_field,v8,css selector,[data-testid="login-password"],xpath,//input[@data-testid='login-password_v8'],0.4666,0.87,0.769,0.744,0.365,0.639912,1,SUGGEST,5/30/2026 10:30
57,login_button,v8,css selector,[data-testid="btn-login"],xpath,//button[@data-testid='btn-login_v8'],0.7233,1,0.9811,0.7419,0.365,0.782589,1,AUTO_FIX,5/30/2026 10:30
58,search_input,v8,css selector,[data-testid="search-input"],name,search,0.315,1,0.6868,0.7545,0.615,0.6575,1,SUGGEST,5/30/2026 10:30
59,filter_iphone_button,v8,css selector,[data-testid="btn-filter-iphone"],id,filter-btn-iphone,0.64,1,0.5741,0.7471,0.365,0.679322,1,SUGGEST,5/30/2026 10:30
60,filter_ipad_button,v8,css selector,[data-testid="btn-filter-ipad"],id,filter-btn-ipad,0.64,1,0.5756,0.7457,0.365,0.679454,1,SUGGEST,5/30/2026 10:31
61,filter_macbook_button,v8,css selector,[data-testid="btn-filter-macbook"],id,filter-btn-macbook,0.64,1,0.5733,0.7443,0.365,0.678826,1,SUGGEST,5/30/2026 10:31
62,filter_airpods_button,v8,css selector,[data-testid="btn-filter-airpods"],id,filter-btn-airpods,0.64,1,0.5733,0.742,0.365,0.67855,1,SUGGEST,5/30/2026 10:32
63,filter_T?t c?_button,v8,css selector,[data-testid="btn-filter-all"],id,filter-btn-all,0.64,1,0.5763,0.7481,0.615,0.722382,1,AUTO_FIX,5/30/2026 10:32
64,email_field,v9,css selector,[data-testid="login-email"],xpath,//input[@data-testid='v9-email-input'],0.5136,0.87,0.757,0.7477,0.615,0.693146,1,SUGGEST,5/30/2026 10:33
65,password_field,v9,css selector,[data-testid="login-password"],xpath,//input[@data-testid='v9-password-input'],0.704,0.87,0.8252,0.736,0.365,0.71429,1,AUTO_FIX,5/30/2026 10:33
66,login_button,v9,css selector,[data-testid="btn-login"],xpath,//button[@data-testid='v9-submit-login'],0.6427,0.8733,0.4542,0.7272,0.615,0.665775,1,SUGGEST,5/30/2026 10:33
67,search_input,v9,css selector,[data-testid="search-input"],xpath,//input[@data-testid='v9-search'],0.9045,1,0.8511,0.7545,0.615,0.849525,1,AUTO_FIX,5/30/2026 10:33
68,filter_iphone_button,v9,css selector,[data-testid="btn-filter-iphone"],xpath,//button[@data-testid='v9-filter-iphone'],0.9894,1,0.88,0.7471,0.365,0.83484,1,AUTO_FIX,5/30/2026 10:33
69,filter_ipad_button,v9,css selector,[data-testid="btn-filter-ipad"],xpath,//button[@data-testid='v9-filter-ipad'],0.9879,1,0.88,0.7457,0.365,0.834267,1,AUTO_FIX,5/30/2026 10:34
70,filter_macbook_button,v9,css selector,[data-testid="btn-filter-macbook"],xpath,//button[@data-testid='v9-filter-macbook'],0.99,1,0.88,0.7443,0.365,0.834666,1,AUTO_FIX,5/30/2026 10:34
71,filter_airpods_button,v9,css selector,[data-testid="btn-filter-airpods"],xpath,//button[@data-testid='v9-filter-airpods'],0.99,1,0.88,0.742,0.365,0.83439,1,AUTO_FIX,5/30/2026 10:35
72,filter_T?t c?_button,v9,css selector,[data-testid="btn-filter-all"],xpath,//button[@data-testid='v9-filter-all'],0.987,1,0.88,0.7481,0.615,0.876812,1,AUTO_FIX,5/30/2026 10:36
73,email_field,v10,css selector,[data-testid="login-email"],xpath,//input[@aria-label='Tŕi kho?n email dang nh?p'],0.2242,0.87,0.6075,0.7004,0.365,0.536932,1,SUGGEST,5/30/2026 10:36
74,password_field,v10,css selector,[data-testid="login-password"],xpath,//input[@aria-label='M?t kh?u dang nh?p'],0.27,0.87,0.6049,0.6634,0.365,0.544338,1,SUGGEST,5/30/2026 10:36
75,login_button,v10,css selector,[data-testid="btn-login"],xpath,//button[@aria-label='Xác nh?n vŕ dang nh?p'],0.4657,0.6545,0.493,0.6404,0.615,0.562817,1,SUGGEST,5/30/2026 10:36
76,search_input,v10,css selector,[data-testid="search-input"],xpath,//input[@placeholder='Těm ki?m s?n ph?m (Vi?t dúng chính t?...)'],0.93,1,0.88,0.7545,0.615,0.86219,1,AUTO_FIX,5/30/2026 10:36
77,filter_iphone_button,v10,css selector,[data-testid="btn-filter-iphone"],xpath,//button[normalize-space(text())='IPHONE'],0.93,1,0.8023,0.6749,0.615,0.837098,1,AUTO_FIX,5/30/2026 10:36
78,filter_ipad_button,v10,css selector,[data-testid="btn-filter-ipad"],xpath,//button[normalize-space(text())='IPAD'],0.93,1,0.7898,0.6999,0.615,0.837598,1,AUTO_FIX,5/30/2026 10:37
79,filter_macbook_button,v10,css selector,[data-testid="btn-filter-macbook"],xpath,//button[normalize-space(text())='MACBOOK'],0.93,1,0.7773,0.697,0.615,0.83475,1,AUTO_FIX,5/30/2026 10:38
80,filter_airpods_button,v10,css selector,[data-testid="btn-filter-airpods"],xpath,//button[normalize-space(text())='AIRPODS'],0.93,1,0.7648,0.742,0.615,0.83765,1,AUTO_FIX,5/30/2026 10:38
81,filter_T?t c?_button,v10,css selector,[data-testid="btn-filter-all"],xpath,//button[normalize-space(text())='T?T C?'],0.93,1,0.8193,0.7481,0.615,0.849282,1,AUTO_FIX,5/30/2026 10:39
82,email_field,v11,css selector,[data-testid="login-email"],xpath,//input[@data-testid='auth-field-email'],0.4396,0.87,0.8129,0.6616,0.365,0.631514,1,SUGGEST,5/30/2026 10:39
83,password_field,v11,css selector,[data-testid="login-password"],xpath,//input[@data-testid='auth-field-password'],0.6291,0.87,0.8151,0.6246,0.365,0.678679,1,SUGGEST,5/30/2026 10:39
84,login_button,v11,css selector,[data-testid="btn-login"],xpath,//button[@data-testid='auth-submit-btn'],0.6135,1,0.81,0.6032,0.365,0.702079,1,AUTO_FIX,5/30/2026 10:39
85,search_input,v11,css selector,[data-testid="search-input"],xpath,//input[@placeholder='Nh?p tęn s?n ph?m c?n těm...'],0.855,1,0.88,0.7355,0.615,0.83966,1,AUTO_FIX,5/30/2026 10:39
86,filter_iphone_button,v11,css selector,[data-testid="btn-filter-iphone"],xpath,//button[normalize-space(text())='IPHONE'],0.842,1,0.88,0.7287,0.365,0.792834,1,AUTO_FIX,5/30/2026 10:40
87,filter_ipad_button,v11,css selector,[data-testid="btn-filter-ipad"],xpath,//button[normalize-space(text())='IPAD'],0.842,1,0.88,0.7277,0.365,0.792714,1,AUTO_FIX,5/30/2026 10:40
88,filter_macbook_button,v11,css selector,[data-testid="btn-filter-macbook"],xpath,//button[normalize-space(text())='MACBOOK'],0.842,1,0.88,0.7263,0.365,0.792546,1,AUTO_FIX,5/30/2026 10:41
89,filter_airpods_button,v11,css selector,[data-testid="btn-filter-airpods"],xpath,//button[normalize-space(text())='AIRPODS'],0.842,1,0.88,0.7248,0.365,0.792366,1,AUTO_FIX,5/30/2026 10:41
90,filter_T?t c?_button,v11,css selector,[data-testid="btn-filter-all"],xpath,//button[normalize-space(text())='T?T C?'],0.93,1,0.88,0.7294,0.615,0.859178,1,AUTO_FIX,5/30/2026 10:42
91,contact_name_field,v2,css selector,[data-testid="contact-name"],xpath,//input[@placeholder='H? vŕ tęn d?y d?'],0.8737,1,0.88,0.7512,0.365,0.804093,1,AUTO_FIX,5/30/2026 10:46
92,contact_phone_field,v2,css selector,[data-testid="contact-phone"],xpath,//input[@placeholder='S? di?n tho?i d? chúng tôi lięn l?c'],0.8625,1,0.88,0.738,0.365,0.799485,1,AUTO_FIX,5/30/2026 10:46
93,contact_mess_field,v2,css selector,[data-testid="contact-mess"],xpath,//input[@placeholder='Mô t? v?n d? b?n c?n du?c h? tr?'],0.845,1,0.88,0.7245,0.365,0.79314,1,AUTO_FIX,5/30/2026 10:46
94,contact_submit_button,v2,css selector,[data-testid="btn-contact-submit"],xpath,//button[normalize-space(text())='G?i yęu c?u'],0.93,0.5583,0.88,0.716,0.615,0.751562,1,AUTO_FIX,5/30/2026 10:46
95,contact_name_field,v3,css selector,[data-testid="contact-name"],xpath,//input[@data-testid='v3-ct-name'],0.9745,1,0.845,0.7512,0.615,0.866809,1,AUTO_FIX,5/30/2026 10:47
96,contact_phone_field,v3,css selector,[data-testid="contact-phone"],xpath,//input[@data-testid='v3-ct-phone'],0.9767,1,0.845,0.738,0.615,0.865819,1,AUTO_FIX,5/30/2026 10:47
97,contact_mess_field,v3,css selector,[data-testid="contact-mess"],xpath,//input[@data-testid='v3-ct-message'],0.9692,1,0.845,0.7245,0.615,0.862174,1,AUTO_FIX,5/30/2026 10:47
98,contact_submit_button,v3,css selector,[data-testid="btn-contact-submit"],xpath,//button[@data-testid='v3-ct-btn-submit'],0.9712,1,0.8545,0.6092,0.615,0.850778,1,AUTO_FIX,5/30/2026 10:47
99,contact_name_field,v4,css selector,[data-testid="contact-name"],xpath,//input[@data-testid='v4-contact-name'],0.8822,1,0.8411,0.7146,0.365,0.794216,1,AUTO_FIX,5/30/2026 10:47
100,contact_phone_field,v4,css selector,[data-testid="contact-phone"],xpath,//input[@data-testid='v4-contact-phone'],0.8828,1,0.8411,0.7061,0.365,0.793358,1,AUTO_FIX,5/30/2026 10:47
101,contact_mess_field,v4,css selector,[data-testid="contact-mess"],xpath,//input[@data-testid='v4-contact-mess'],0.8822,1,0.8411,0.6848,0.365,0.79064,1,AUTO_FIX,5/30/2026 10:47
102,contact_submit_button,v4,css selector,[data-testid="btn-contact-submit"],xpath,//button[@data-testid='v4-btn-contact-submit'],0.806,1,0.725,0.6171,0.365,0.738722,1,AUTO_FIX,5/30/2026 10:47
103,contact_name_field,v5,css selector,[data-testid="contact-name"],xpath,//input[@placeholder='Nh?p h? vŕ tęn c?a b?n'],0.93,1,0.845,0.5985,0.365,0.79397,1,AUTO_FIX,5/30/2026 10:48
104,contact_phone_field,v5,css selector,[data-testid="contact-phone"],xpath,//input[@placeholder='Nh?p s? di?n tho?i (10 ch? s?)'],0.93,1,0.845,0.5555,0.365,0.78881,1,AUTO_FIX,5/30/2026 10:48
105,contact_mess_field,v5,css selector,[data-testid="contact-mess"],xpath,//input[@placeholder='Nh?p l?i nh?n c?a b?n (t?i da 500 ký t?)'],0.93,1,0.845,0.5257,0.365,0.785234,1,AUTO_FIX,5/30/2026 10:48
106,contact_submit_button,v5,css selector,[data-testid="btn-contact-submit"],xpath,//button[normalize-space(text())='G?i thông tin'],0.93,1,0.8545,0.5261,0.615,0.829682,1,AUTO_FIX,5/30/2026 10:48
107,contact_name_field,v6,css selector,[data-testid="contact-name"],xpath,//input[@data-testid='v6-contact-name'],0.4997,1,0.7816,0.7512,0.365,0.683433,1,SUGGEST,5/30/2026 10:49
108,contact_phone_field,v6,css selector,[data-testid="contact-phone"],xpath,//input[@data-testid='v6-contact-phone'],0.4691,1,0.7816,0.738,0.365,0.673587,1,SUGGEST,5/30/2026 10:49
109,contact_mess_field,v6,css selector,[data-testid="contact-mess"],xpath,//input[@data-testid='v6-contact-mess'],0.4238,1,0.7693,0.7245,0.365,0.657276,1,SUGGEST,5/30/2026 10:49
110,contact_submit_button,v6,css selector,[data-testid="btn-contact-submit"],xpath,//button[@data-testid='v6-btn-contact-submit'],0.9146,0.8328,0.88,0.716,0.615,0.813284,1,AUTO_FIX,5/30/2026 10:49
111,contact_name_field,v7,css selector,[data-testid="contact-name"],xpath,//input[@data-testid='ctrl-contact-name'],0.9879,1,0.865,0.511,0.365,0.803103,1,AUTO_FIX,5/30/2026 10:49
112,contact_phone_field,v7,css selector,[data-testid="contact-phone"],xpath,//input[@data-testid='ctrl-contact-phone'],0.9887,1,0.865,0.5537,0.365,0.808443,1,AUTO_FIX,5/30/2026 10:49
113,contact_mess_field,v7,css selector,[data-testid="contact-mess"],xpath,//input[@data-testid='ctrl-contact-mess'],0.9879,1,0.865,0.5503,0.365,0.807819,1,AUTO_FIX,5/30/2026 10:49
114,contact_submit_button,v7,css selector,[data-testid="btn-contact-submit"],xpath,//button[@data-testid='submit-contact'],0.848,1,0.8344,0.5514,0.615,0.806558,1,AUTO_FIX,5/30/2026 10:49
115,contact_name_field,v8,css selector,[data-testid="contact-name"],xpath,//input[@data-testid='contact-name_v8'],0.6085,0.87,0.8079,0.7222,0.365,0.683389,1,SUGGEST,5/30/2026 10:50
116,contact_phone_field,v8,css selector,[data-testid="contact-phone"],xpath,//input[@data-testid='contact-phone_v8'],0.5753,0.87,0.8095,0.7085,0.365,0.673101,1,SUGGEST,5/30/2026 10:50
117,contact_mess_field,v8,css selector,[data-testid="contact-mess"],xpath,//input[@data-testid='contact-mess_v8'],0.5078,0.87,0.7964,0.6947,0.365,0.6506,1,SUGGEST,5/30/2026 10:50
118,contact_submit_button,v8,css selector,[data-testid="btn-contact-submit"],xpath,//button[@data-testid='btn-contact-submit_v8'],0.6313,0.7916,0.7212,0.6822,0.615,0.691089,1,SUGGEST,5/30/2026 10:50
119,contact_name_field,v9,css selector,[data-testid="contact-name"],xpath,//input[@data-testid='v9-contact-name'],0.7839,0.87,0.7933,0.6445,0.615,0.761003,1,AUTO_FIX,5/30/2026 10:50
120,contact_phone_field,v9,css selector,[data-testid="contact-phone"],xpath,//input[@data-testid='v9-contact-phone'],0.6866,0.87,0.7852,0.7252,0.615,0.742796,1,AUTO_FIX,5/30/2026 10:50
121,contact_submit_button,v9,css selector,[data-testid="btn-contact-submit"],xpath,//button[@data-testid='v9-contact-submit'],0.9167,0.7783,0.8545,0.5867,0.615,0.780155,1,AUTO_FIX,5/30/2026 10:50
122,contact_name_field,v10,css selector,[data-testid="contact-name"],xpath,//input[@aria-label='H? vŕ tęn'],0.3892,0.87,0.7585,0.6787,0.365,0.609078,1,SUGGEST,5/30/2026 10:51
123,contact_phone_field,v10,css selector,[data-testid="contact-phone"],xpath,//input[@aria-label='S? di?n tho?i'],0.3117,0.87,0.756,0.6407,0.365,0.583093,1,SUGGEST,5/30/2026 10:51
124,contact_submit_button,v10,css selector,[data-testid="btn-contact-submit"],xpath,//button[@aria-label='G?i tin nh?n lięn h?'],0.7243,0.8227,0.8222,0.5247,0.615,0.724963,1,AUTO_FIX,5/30/2026 10:51
125,contact_name_field,v11,css selector,[data-testid="contact-name"],xpath,//input[@placeholder='H? vŕ tęn d?y d? c?a b?n'],0.8962,0.87,0.88,0.7333,0.365,0.77682,1,AUTO_FIX,5/30/2026 10:52
126,contact_phone_field,v11,css selector,[data-testid="contact-phone"],xpath,//input[@placeholder='S? di?n tho?i (10 ch? s?)'],0.9171,0.87,0.88,0.7206,0.365,0.780939,1,AUTO_FIX,5/30/2026 10:52
127,contact_mess_field,v11,css selector,[data-testid="contact-mess"],xpath,//input[@placeholder='Mô t? chi ti?t v?n d? b?n c?n h? tr?'],0.8447,0.87,0.88,0.7058,0.365,0.759615,1,AUTO_FIX,5/30/2026 10:52
128,contact_submit_button,v11,css selector,[data-testid="btn-contact-submit"],xpath,//button[normalize-space(text())='G?i yęu c?u ngay'],0.7833,0.7772,0.844,0.6969,0.615,0.754997,1,AUTO_FIX,5/30/2026 10:52
129,register_email_field,v2,css selector,[data-testid="register-email"],xpath,//input[@placeholder='name@example.com'],0.93,1,0.88,0.7524,0.365,0.819438,1,AUTO_FIX,5/30/2026 10:54
130,register_password_field,v2,css selector,[data-testid="register-password"],xpath,//input[@placeholder='••••••••'],0.93,1,0.88,0.7396,0.365,0.817902,1,AUTO_FIX,5/30/2026 10:54
131,register_button,v2,css selector,[data-testid="btn-register"],xpath,//button[normalize-space(text())='Hoŕn t?t dang ký'],0.93,0.6313,1,0.7298,0.365,0.752238,1,AUTO_FIX,5/30/2026 10:54
132,register_email_field,v3,css selector,[data-testid="register-email"],xpath,//input[@data-testid='v3-reg-email'],0.9785,1,0.815,0.7524,0.615,0.862033,1,AUTO_FIX,5/30/2026 10:54
133,register_password_field,v3,css selector,[data-testid="register-password"],xpath,//input[@data-testid='v3-reg-password'],0.9825,1,0.815,0.7396,0.615,0.861577,1,AUTO_FIX,5/30/2026 10:54
134,register_button,v3,css selector,[data-testid="btn-register"],xpath,//button[@data-testid='v3-reg-btn-submit'],0.959,1,0.5973,0.7298,0.615,0.810516,1,AUTO_FIX,5/30/2026 10:54
135,register_email_field,v4,css selector,[data-testid="register-email"],xpath,//input[@data-testid='v4-register-email'],0.8832,1,0.8271,0.6112,0.365,0.779278,1,AUTO_FIX,5/30/2026 10:55
136,register_password_field,v4,css selector,[data-testid="register-password"],xpath,//input[@data-testid='v4-register-password'],0.8843,1,0.8299,0.5919,0.365,0.777819,1,AUTO_FIX,5/30/2026 10:55
137,register_button,v4,css selector,[data-testid="btn-register"],xpath,//button[@data-testid='v4-btn-register'],0.8665,1,0.9339,0.578,0.365,0.792145,1,AUTO_FIX,5/30/2026 10:55
138,register_email_field,v5,css selector,[data-testid="register-email"],xpath,//input[@placeholder='name@example.com'],0.93,1,0.83,0.6326,0.365,0.795062,1,AUTO_FIX,5/30/2026 10:55
139,register_password_field,v5,css selector,[data-testid="register-password"],xpath,//input[@placeholder='••••••••'],0.93,1,0.83,0.5889,0.365,0.789818,1,AUTO_FIX,5/30/2026 10:55
140,register_button,v5,css selector,[data-testid="btn-register"],xpath,//button[normalize-space(text())='Đang ký'],0.93,1,0.9403,0.5786,0.365,0.810642,1,AUTO_FIX,5/30/2026 10:55
141,register_email_field,v6,css selector,[data-testid="register-email"],xpath,//input[@data-testid='v6-register-email'],0.4557,1,0.7941,0.7524,0.365,0.674197,1,SUGGEST,5/30/2026 10:56
142,register_password_field,v6,css selector,[data-testid="register-password"],xpath,//input[@data-testid='v6-register-password'],0.3843,1,0.7877,0.7104,0.365,0.648599,1,SUGGEST,5/30/2026 10:56
143,register_button,v6,css selector,[data-testid="btn-register"],xpath,//button[@data-testid='v6-btn-register'],0.9122,0.696,1,0.7003,0.365,0.75942,1,AUTO_FIX,5/30/2026 10:56
144,register_email_field,v7,css selector,[data-testid="register-email"],xpath,//input[@data-testid='field-register-email'],0.8776,1,0.8421,0.6721,0.365,0.788074,1,AUTO_FIX,5/30/2026 10:56
145,register_password_field,v7,css selector,[data-testid="register-password"],xpath,//input[@data-testid='field-register-password'],0.8795,1,0.8449,0.6499,0.365,0.786483,1,AUTO_FIX,5/30/2026 10:56
146,register_button,v7,css selector,[data-testid="btn-register"],xpath,//button[@data-testid='action-register'],0.8648,1,0.9669,0.6274,0.365,0.804214,1,AUTO_FIX,5/30/2026 10:56
147,register_email_field,v8,css selector,[data-testid="register-email"],xpath,//input[@data-testid='register-email_v8'],0.5391,0.87,0.8145,0.7488,0.365,0.669163,1,SUGGEST,5/30/2026 10:57
148,register_password_field,v8,css selector,[data-testid="register-password"],xpath,//input[@data-testid='register-password_v8'],0.5402,0.87,0.8199,0.744,0.365,0.669964,1,SUGGEST,5/30/2026 10:57
149,register_button,v8,css selector,[data-testid="btn-register"],xpath,//button[@data-testid='btn-register_v8'],0.6394,0.6808,0.846,0.7419,0.365,0.656308,1,SUGGEST,5/30/2026 10:57
150,register_email_field,v9,css selector,[data-testid="register-email"],xpath,//input[@data-testid='v9-reg-email'],0.671,0.87,0.7777,0.7477,0.615,0.739784,1,AUTO_FIX,5/30/2026 10:57
151,register_password_field,v9,css selector,[data-testid="register-password"],xpath,//input[@data-testid='v9-reg-password'],0.675,0.87,0.8162,0.736,0.365,0.70466,1,AUTO_FIX,5/30/2026 10:57
152,register_button,v9,css selector,[data-testid="btn-register"],xpath,//button[@data-testid='v9-reg-submit'],0.8903,0.8513,0.5973,0.7358,0.615,0.756999,1,AUTO_FIX,5/30/2026 10:57
153,register_email_field,v10,css selector,[data-testid="register-email"],xpath,//input[@data-testid='v10-email-field'],0.379,0.87,0.7512,0.5794,0.365,0.592948,1,SUGGEST,5/30/2026 10:58
154,register_password_field,v10,css selector,[data-testid="register-password"],xpath,//input[@data-testid='v10-pw-field'],0.2726,0.87,0.7332,0.7651,0.365,0.582904,1,SUGGEST,5/30/2026 10:58
155,register_button,v10,css selector,[data-testid="btn-register"],xpath,//button[@data-testid='v10-create-account'],0.8158,0.6808,0.5452,0.644,0.615,0.674528,1,SUGGEST,5/30/2026 10:58
156,register_email_field,v11,css selector,[data-testid="register-email"],name,email,0.4,1,0.6896,0.7274,0.365,0.635258,1,SUGGEST,5/30/2026 10:58
157,register_password_field,v11,css selector,[data-testid="register-password"],name,password,0.4,1,0.685,0.7139,0.365,0.632718,1,SUGGEST,5/30/2026 10:58
158,register_button,v11,css selector,[data-testid="btn-register"],xpath,//button[normalize-space(text())='Hoŕn t?t dang ký'],0.8357,0.8513,0.964,0.7017,0.365,0.769005,1,AUTO_FIX,5/30/2026 10:58
159,add_product_button,v2,css selector,[data-testid="btn-add-product"],xpath,//a[normalize-space(text())='T?o s?n ph?m'],0.93,0.8652,0.88,0.7611,0.615,0.83063,1,AUTO_FIX,5/30/2026 11:01
160,product_name_field,v2,css selector,[data-testid="product-name"],name,name,0.93,1,0.88,0.747,0.365,0.81879,1,AUTO_FIX,5/30/2026 11:01
161,product_price_field,v2,css selector,[data-testid="product-price"],name,pr,0.93,1,0.88,0.7399,0.365,0.817938,1,AUTO_FIX,5/30/2026 11:01
162,submit_product_button,v2,css selector,[data-testid="btn-add-product"],xpath,//button[normalize-space(text())='XÁC NH?N ĐANG S?N PH?M'],0.93,0.6533,0.88,0.6203,0.365,0.720378,1,AUTO_FIX,5/30/2026 11:01
163,add_product_button,v3,css selector,[data-testid="btn-add-product"],xpath,//a[@data-testid='v3-prod-btn-add'],0.9627,1,0.8406,0.7632,0.615,0.864183,1,AUTO_FIX,5/30/2026 11:02
164,product_name_field,v3,css selector,[data-testid="product-name"],xpath,//input[@data-testid='v3-ap-name'],0.9682,1,0.8496,0.747,0.365,0.823024,1,AUTO_FIX,5/30/2026 11:02
165,product_price_field,v3,css selector,[data-testid="product-price"],xpath,//input[@data-testid='v3-ap-price'],0.9708,1,0.8496,0.7399,0.365,0.822874,1,AUTO_FIX,5/30/2026 11:02
166,submit_product_button,v3,css selector,[data-testid="btn-add-product"],xpath,//button[@data-testid='v3-ap-submit'],0.9559,1,0.6037,0.6203,0.615,0.797819,1,AUTO_FIX,5/30/2026 11:02
167,add_product_button,v4,css selector,[data-testid="btn-add-product"],xpath,//a[@data-testid='v4-btn-add-product'],0.9056,1,0.8174,0.5473,0.615,0.818218,1,AUTO_FIX,5/30/2026 11:03
168,product_name_field,v4,css selector,[data-testid="product-name"],xpath,//input[@data-testid='v4-ap-name'],0.7482,1,0.8169,0.6563,0.365,0.7462,1,AUTO_FIX,5/30/2026 11:03
169,product_price_field,v4,css selector,[data-testid="product-price"],xpath,//input[@data-testid='v4-ap-price'],0.7508,1,0.7901,0.5497,0.365,0.72875,1,AUTO_FIX,5/30/2026 11:03
170,submit_product_button,v4,css selector,[data-testid="btn-add-product"],xpath,//button[@data-testid='v4-ap-submit'],0.7359,1,0.9037,0.4851,0.365,0.739695,1,AUTO_FIX,5/30/2026 11:03
171,add_product_button,v5,css selector,[data-testid="btn-add-product"],xpath,//a[normalize-space(text())='+ Thęm s?n ph?m m?i'],0.93,1,0.88,0.6847,0.615,0.853814,1,AUTO_FIX,5/30/2026 11:04
172,product_name_field,v5,css selector,[data-testid="product-name"],name,name,0.93,1,0.86,0.5893,0.365,0.795866,1,AUTO_FIX,5/30/2026 11:04
173,product_price_field,v5,css selector,[data-testid="product-price"],name,pr,0.93,1,0.86,0.5894,0.365,0.795878,1,AUTO_FIX,5/30/2026 11:04
174,submit_product_button,v5,css selector,[data-testid="btn-add-product"],xpath,//button[normalize-space(text())='ĐANG BÁN S?N PH?M'],0.93,1,0.86,0.5355,0.365,0.78941,1,AUTO_FIX,5/30/2026 11:04
175,add_product_button,v6,css selector,[data-testid="btn-add-product"],xpath,//a[@data-testid='v6-prod-btn-add'],0.8827,0.9486,0.88,0.7637,0.615,0.838187,1,AUTO_FIX,5/30/2026 11:05
176,product_name_field,v6,css selector,[data-testid="product-name"],xpath,//input[@data-testid='v6-ap-spec-val-0'],0.71,1,0.8252,0.5401,0.615,0.766102,1,AUTO_FIX,5/30/2026 11:05
177,product_price_field,v6,css selector,[data-testid="product-price"],xpath,//input[@data-testid='v6-ap-gb-price-0'],0.7238,1,0.8311,0.5096,0.615,0.767348,1,AUTO_FIX,5/30/2026 11:05
178,submit_product_button,v6,css selector,[data-testid="btn-add-product"],xpath,//button[@data-testid='v6-ap-submit'],0.8759,0.8733,0.88,0.6203,0.365,0.758571,1,AUTO_FIX,5/30/2026 11:06
179,add_product_button,v7,css selector,[data-testid="btn-add-product"],xpath,//a[@data-testid='product-add-btn'],0.8893,0.9553,0.86,0.5359,0.365,0.767741,1,AUTO_FIX,5/30/2026 11:06
180,product_name_field,v7,css selector,[data-testid="product-name"],name,name,0.6714,1,0.9383,0.5212,0.365,0.733532,1,AUTO_FIX,5/30/2026 11:07
181,product_price_field,v7,css selector,[data-testid="product-price"],name,pr,0.62,1,0.9352,0.5261,0.365,0.719622,1,AUTO_FIX,5/30/2026 11:07
182,submit_product_button,v7,css selector,[data-testid="btn-add-product"],xpath,//button[normalize-space(text())='ĐANG S?N PH?M LĘN H? TH?NG'],0.61,0.8498,0.6398,0.4484,0.615,0.65497,1,SUGGEST,5/30/2026 11:07
183,add_product_button,v8,css selector,[data-testid="btn-add-product"],id,link-add-product,0.64,0.9136,0.7625,0.7514,0.615,0.739282,1,AUTO_FIX,5/30/2026 11:07
184,product_name_field,v8,css selector,[data-testid="product-name"],name,name,0.55,1,0.7164,0.7837,0.365,0.687874,1,SUGGEST,5/30/2026 11:08
185,product_price_field,v8,css selector,[data-testid="product-price"],name,pr,0.64,1,0.7191,0.7621,0.365,0.710122,1,AUTO_FIX,5/30/2026 11:08
186,submit_product_button,v8,css selector,[data-testid="btn-add-product"],id,btn-submit-product,0.64,0.9329,0.7326,0.6203,0.365,0.679702,1,SUGGEST,5/30/2026 11:08
187,add_product_button,v9,css selector,[data-testid="btn-add-product"],xpath,//a[@data-testid='v9-btn-new-product'],0.9809,0.8944,0.88,0.7632,0.615,0.851633,1,AUTO_FIX,5/30/2026 11:08
188,product_name_field,v9,css selector,[data-testid="product-name"],xpath,//input[@data-testid='v9-name'],0.7968,1,0.8064,0.747,0.365,0.768106,1,AUTO_FIX,5/30/2026 11:09
189,product_price_field,v9,css selector,[data-testid="product-price"],xpath,//input[@data-testid='v9-price'],0.89,1,0.8064,0.7399,0.365,0.792418,1,AUTO_FIX,5/30/2026 11:09
190,submit_product_button,v9,css selector,[data-testid="btn-add-product"],xpath,//button[@data-testid='v9-submit'],0.9417,0.861,0.6597,0.5818,0.365,0.724705,1,AUTO_FIX,5/30/2026 11:09
191,add_product_button,v10,css selector,[data-testid="btn-add-product"],xpath,//a[@data-testid='btn-add-product_v10'],0.9918,1,0.88,0.7632,0.615,0.87992,1,AUTO_FIX,5/30/2026 11:10
192,product_name_field,v10,css selector,[data-testid="product-name"],xpath,//input[@data-testid='cell-a-0'],0.711,1,0.734,0.731,0.615,0.77104,1,AUTO_FIX,5/30/2026 11:10
193,product_price_field,v10,css selector,[data-testid="product-price"],xpath,//input[@data-testid='cell-d-0'],0.7033,1,0.747,0.5418,0.615,0.748857,1,AUTO_FIX,5/30/2026 11:10
194,submit_product_button,v10,css selector,[data-testid="btn-add-product"],xpath,//button[@data-testid='publish-btn'],0.8833,0.848,0.5814,0.4986,0.615,0.722673,1,AUTO_FIX,5/30/2026 11:10
195,add_product_button,v11,css selector,[data-testid="btn-add-product"],xpath,//a[normalize-space(text())='Thęm hŕng m?i'],0.8043,0.8575,0.8161,0.7464,0.615,0.780299,1,AUTO_FIX,5/30/2026 11:11
196,product_name_field,v11,css selector,[data-testid="product-name"],name,name,0.84,1,0.88,0.7279,0.365,0.792198,1,AUTO_FIX,5/30/2026 11:11
197,product_price_field,v11,css selector,[data-testid="product-price"],name,pr,0.93,1,0.88,0.7226,0.365,0.815862,1,AUTO_FIX,5/30/2026 11:11
198,submit_product_button,v11,css selector,[data-testid="btn-add-product"],xpath,//button[normalize-space(text())='XÁC NH?N ĐANG S?N PH?M'],0.8671,0.8733,0.8612,0.6186,0.365,0.752231,1,AUTO_FIX,5/30/2026 11:11
